<?xml version="1.0" encoding="UTF-8"?>
<!DOCTYPE logback>
<configuration>

<property name="DEV_HOME" value="c:/logs" />

    <appender name="FILE" class="ch.qos.logback.core.FileAppender">
    <file>${DEV_HOME}/enterpriseconnect.log</file>
        <encoder>
            <pattern>%date{HH:mm:ss.SSS} [%X{user}] %-5level %logger{15} [#%line]  %M - %msg\n</pattern>
        </encoder>
    </appender>

    <logger name="com.erai.enterpriseconnect" additivity="false">
        <level value="debug"/>
        <appender-ref ref="FILE" />
    </logger>

    <root>
        <level value="error"/>
        <appender-ref ref="FILE"/>
    </root>

</configuration>